first_name,last_name,email,bio,last_conversation
John,Smith,john.smith@example.com,"Software engineer with 10+ years of experience in backend development.","Discussed the upcoming project timeline and requirements."
Alice,Johnson,alice.johnson@example.com,"Frontend developer passionate about user experience design.","Reviewed the latest UI mockups and provided feedback."
Michael,Williams,michael.williams@example.com,"Full-stack developer specializing in JavaScript frameworks.","Asked about the new features being implemented and their impact on existing functionality."
Sarah,Brown,sarah.brown@example.com,"Software architect with expertise in scalable systems design.","Suggested improvements to the database schema for better performance."
David,Jones,david.jones@example.com,"DevOps engineer focused on automation and continuous integration.","Inquired about the deployment process and potential bottlenecks."
Emily,Davis,emily.davis@example.com,"QA engineer with a keen eye for detail and thorough testing approach.","Reported several bugs and discussed prioritization for the next sprint."
Daniel,Miller,daniel.miller@example.com,"Software engineer interested in machine learning and AI applications.","Shared some new research findings related to AI algorithms."
Jessica,Wilson,jessica.wilson@example.com,"Backend developer with experience in microservices architecture.","Discussed the feasibility of integrating a new microservice into the existing system."
Matthew,Martin,matthew.martin@example.com,"Frontend developer enthusiastic about new web technologies.","Asked for recommendations on optimizing the frontend performance."
Olivia,Thompson,olivia.thompson@example.com,"Software engineer specializing in mobile app development.","Provided feedback on the latest app prototype and suggested UI enhancements."
Ethan,Anderson,ethan.anderson@example.com,"Data engineer with a focus on data processing pipelines.","Discussed the implementation of a new data processing algorithm."
Sophia,White,sophia.white@example.com,"Full-stack developer with a passion for creating innovative web applications.","Collaborated on designing the architecture for a new web app project."
Noah,Harris,noah.harris@example.com,"Software engineer with experience in cloud computing and AWS services.","Discussed strategies for optimizing cloud resource usage and cost."
Ava,Martin,ava.martin@example.com,"Frontend developer with a background in graphic design.","Reviewed the latest design mockups and provided input on visual elements."
William,Clark,william.clark@example.com,"Software architect specializing in distributed systems.","Discussed the design of a new distributed system architecture for scalability."
Isabella,Ramirez,isabella.ramirez@example.com,"Backend developer with a focus on database design and optimization.","Reviewed the database schema and suggested indexing improvements."
James,Baker,james.baker@example.com,"Software engineer interested in cybersecurity and secure coding practices.","Discussed best practices for secure coding and potential vulnerabilities."
Sophia,Young,sophia.young@example.com,"Full-stack developer with experience in responsive web design.","Collaborated on implementing responsive design features for a web app project."
Liam,King,liam.king@example.com,"Software engineer specializing in API development and integration.","Worked on integrating third-party APIs into the existing system and handling authentication."
